-- =====================================================
-- MORU 서버 테스트용 더미데이터
-- 브랜치: test/#20-set-dummy-data
-- =====================================================

-- =====================================================
-- 1. 사용자 더미데이터
-- =====================================================
INSERT INTO user (id, email, password, nickname, gender, birthday, bio, profile_image_url, created_at, updated_at, status) VALUES
(UNHEX(REPLACE('550e8400-e29b-41d4-a716-446655440000', '-', '')), 'test@example.com', '$2a$10$wQJQwQJQwQJQwQJQwQJQwOQwQJQwQJQwQJQwQJQwQJQwQJQwQJQwQ', '테스트유저', 'MALE', '2000-01-01', '테스트 계정입니다.', 'https://example.com/profile0.jpg', NOW(), NOW(), 1),
(UNHEX(REPLACE('550e8400-e29b-41d4-a716-446655440001', '-', '')), 'test1@example.com', '$2a$10$Izb/hNfiGZ4YEmbP2E601ucRUTco9Kuc3pNl2kIb6.F/iaeoC/RuC', '김철수', 'MALE', '1995-03-15', '안녕하세요! 운동을 좋아하는 김철수입니다.', 'https://example.com/profile1.jpg', NOW(), NOW(), 1),
(UNHEX(REPLACE('550e8400-e29b-41d4-a716-446655440002', '-', '')), 'test2@example.com', '$2a$10$Izb/hNfiGZ4YEmbP2E601ucRUTco9Kuc3pNl2kIb6.F/iaeoC/RuC', '이영희', 'FEMALE', '1992-07-22', '요리와 독서를 즐기는 이영희입니다.', 'https://example.com/profile2.jpg', NOW(), NOW(), 1),
(UNHEX(REPLACE('550e8400-e29b-41d4-a716-446655440003', '-', '')), 'test3@example.com', '$2a$10$Izb/hNfiGZ4YEmbP2E601ucRUTco9Kuc3pNl2kIb6.F/iaeoC/RuC', '박민수', 'MALE', '1988-11-08', '프로그래밍과 게임을 좋아합니다.', 'https://example.com/profile3.jpg', NOW(), NOW(), 1),
(UNHEX(REPLACE('550e8400-e29b-41d4-a716-446655440004', '-', '')), 'test4@example.com', '$2a$10$Izb/hNfiGZ4YEmbP2E601ucRUTco9Kuc3pNl2kIb6.F/iaeoC/RuC', '최지영', 'FEMALE', '1990-05-30', '여행과 사진 촬영을 즐깁니다.', 'https://example.com/profile4.jpg', NOW(), NOW(), 1),
(UNHEX(REPLACE('550e8400-e29b-41d4-a716-446655440005', '-', '')), 'test5@example.com', '$2a$10$Izb/hNfiGZ4YEmbP2E601ucRUTco9Kuc3pNl2kIb6.F/iaeoC/RuC', '정수민', 'MALE', '1993-09-12', '음악과 영화를 좋아하는 정수민입니다.', 'https://example.com/profile5.jpg', NOW(), NOW(), 1);

-- =====================================================
-- 2. 태그 더미데이터
-- =====================================================
INSERT INTO tag (id, name, created_at) VALUES
(UNHEX(REPLACE('660e8400-e29b-41d4-a716-446655440001', '-', '')), '운동', NOW()),
(UNHEX(REPLACE('660e8400-e29b-41d4-a716-446655440002', '-', '')), '요리', NOW()),
(UNHEX(REPLACE('660e8400-e29b-41d4-a716-446655440003', '-', '')), '독서', NOW()),
(UNHEX(REPLACE('660e8400-e29b-41d4-a716-446655440004', '-', '')), '공부', NOW()),
(UNHEX(REPLACE('660e8400-e29b-41d4-a716-446655440005', '-', '')), '게임', NOW()),
(UNHEX(REPLACE('660e8400-e29b-41d4-a716-446655440006', '-', '')), '음악', NOW()),
(UNHEX(REPLACE('660e8400-e29b-41d4-a716-446655440007', '-', '')), '영화', NOW()),
(UNHEX(REPLACE('660e8400-e29b-41d4-a716-446655440008', '-', '')), '여행', NOW()),
(UNHEX(REPLACE('660e8400-e29b-41d4-a716-446655440009', '-', '')), '프로그래밍', NOW()),
(UNHEX(REPLACE('660e8400-e29b-41d4-a716-446655440010', '-', '')), '사진', NOW());

-- =====================================================
-- 3. 루틴 더미데이터
-- =====================================================
INSERT INTO routine (id, user_id, title, is_simple, is_user_visible, like_count, required_time, image_url, content, created_at, updated_at, status) VALUES
-- 김철수의 루틴들
(UNHEX(REPLACE('770e8400-e29b-41d4-a716-446655440001', '-', '')), UNHEX(REPLACE('550e8400-e29b-41d4-a716-446655440001', '-', '')), '아침 운동 루틴', 0, 1, 15, '00:30:00', 'https://example.com/routine1.jpg', '매일 아침 30분 운동으로 하루를 시작하는 루틴입니다. 스트레칭부터 시작해서 유산소 운동까지 포함되어 있습니다.', NOW(), NOW(), 1),
(UNHEX(REPLACE('770e8400-e29b-41d4-a716-446655440002', '-', '')), UNHEX(REPLACE('550e8400-e29b-41d4-a716-446655440001', '-', '')), '저녁 헬스 루틴', 0, 1, 8, '01:00:00', 'https://example.com/routine2.jpg', '저녁에 헬스장에서 하는 근력 운동 루틴입니다. 상체, 하체, 코어 운동을 포함합니다.', NOW(), NOW(), 1),

-- 이영희의 루틴들
(UNHEX(REPLACE('770e8400-e29b-41d4-a716-446655440003', '-', '')), UNHEX(REPLACE('550e8400-e29b-41d4-a716-446655440002', '-', '')), '주말 요리 루틴', 0, 1, 23, '02:00:00', 'https://example.com/routine3.jpg', '주말에 가족을 위한 특별한 요리를 만드는 루틴입니다. 재료 준비부터 정리까지 포함됩니다.', NOW(), NOW(), 1),
(UNHEX(REPLACE('770e8400-e29b-41d4-a716-446655440004', '-', '')), UNHEX(REPLACE('550e8400-e29b-41d4-a716-446655440002', '-', '')), '독서 시간', 1, 1, 12, '00:45:00', 'https://example.com/routine4.jpg', '매일 저녁 45분 독서 시간을 가지는 루틴입니다.', NOW(), NOW(), 1),

-- 박민수의 루틴들
(UNHEX(REPLACE('770e8400-e29b-41d4-a716-446655440005', '-', '')), UNHEX(REPLACE('550e8400-e29b-41d4-a716-446655440003', '-', '')), '프로그래밍 공부', 0, 1, 5, '01:30:00', 'https://example.com/routine5.jpg', '매일 저녁 프로그래밍 공부를 하는 루틴입니다. 알고리즘 문제 풀이와 프로젝트 개발을 포함합니다.', NOW(), NOW(), 1),
(UNHEX(REPLACE('770e8400-e29b-41d4-a716-446655440006', '-', '')), UNHEX(REPLACE('550e8400-e29b-41d4-a716-446655440003', '-', '')), '게임 시간', 1, 1, 3, '01:00:00', 'https://example.com/routine6.jpg', '주말에 게임을 즐기는 루틴입니다.', NOW(), NOW(), 1),

-- 최지영의 루틴들
(UNHEX(REPLACE('770e8400-e29b-41d4-a716-446655440007', '-', '')), UNHEX(REPLACE('550e8400-e29b-41d4-a716-446655440004', '-', '')), '사진 촬영', 0, 1, 18, '01:15:00', 'https://example.com/routine7.jpg', '주말에 사진 촬영을 하는 루틴입니다. 장비 점검부터 촬영, 후보정까지 포함됩니다.', NOW(), NOW(), 1),
(UNHEX(REPLACE('770e8400-e29b-41d4-a716-446655440008', '-', '')), UNHEX(REPLACE('550e8400-e29b-41d4-a716-446655440004', '-', '')), '영화 감상', 1, 1, 7, '02:00:00', 'https://example.com/routine8.jpg', '매주 토요일 밤 영화를 감상하는 루틴입니다.', NOW(), NOW(), 1),

-- 정수민의 루틴들
(UNHEX(REPLACE('770e8400-e29b-41d4-a716-446655440009', '-', '')), UNHEX(REPLACE('550e8400-e29b-41d4-a716-446655440005', '-', '')), '음악 연습', 0, 1, 9, '00:45:00', 'https://example.com/routine9.jpg', '매일 저녁 기타 연습을 하는 루틴입니다.', NOW(), NOW(), 1),
(UNHEX(REPLACE('770e8400-e29b-41d4-a716-446655440010', '-', '')), UNHEX(REPLACE('550e8400-e29b-41d4-a716-446655440005', '-', '')), '아침 명상', 1, 1, 14, '00:20:00', 'https://example.com/routine10.jpg', '매일 아침 20분 명상을 하는 루틴입니다.', NOW(), NOW(), 1);

-- =====================================================
-- 4. 루틴 태그 연결 더미데이터
-- =====================================================
INSERT INTO routine_tag (id, routine_id, tag_id, created_at) VALUES
-- 아침 운동 루틴 태그
(UNHEX(REPLACE('880e8400-e29b-41d4-a716-446655440001', '-', '')), UNHEX(REPLACE('770e8400-e29b-41d4-a716-446655440001', '-', '')), UNHEX(REPLACE('660e8400-e29b-41d4-a716-446655440001', '-', '')), NOW()),

-- 저녁 헬스 루틴 태그
(UNHEX(REPLACE('880e8400-e29b-41d4-a716-446655440002', '-', '')), UNHEX(REPLACE('770e8400-e29b-41d4-a716-446655440002', '-', '')), UNHEX(REPLACE('660e8400-e29b-41d4-a716-446655440001', '-', '')), NOW()),

-- 주말 요리 루틴 태그
(UNHEX(REPLACE('880e8400-e29b-41d4-a716-446655440003', '-', '')), UNHEX(REPLACE('770e8400-e29b-41d4-a716-446655440003', '-', '')), UNHEX(REPLACE('660e8400-e29b-41d4-a716-446655440002', '-', '')), NOW()),

-- 독서 시간 루틴 태그
(UNHEX(REPLACE('880e8400-e29b-41d4-a716-446655440004', '-', '')), UNHEX(REPLACE('770e8400-e29b-41d4-a716-446655440004', '-', '')), UNHEX(REPLACE('660e8400-e29b-41d4-a716-446655440003', '-', '')), NOW()),

-- 프로그래밍 공부 루틴 태그
(UNHEX(REPLACE('880e8400-e29b-41d4-a716-446655440005', '-', '')), UNHEX(REPLACE('770e8400-e29b-41d4-a716-446655440005', '-', '')), UNHEX(REPLACE('660e8400-e29b-41d4-a716-446655440004', '-', '')), NOW()),
(UNHEX(REPLACE('880e8400-e29b-41d4-a716-446655440006', '-', '')), UNHEX(REPLACE('770e8400-e29b-41d4-a716-446655440005', '-', '')), UNHEX(REPLACE('660e8400-e29b-41d4-a716-446655440009', '-', '')), NOW()),

-- 게임 시간 루틴 태그
(UNHEX(REPLACE('880e8400-e29b-41d4-a716-446655440007', '-', '')), UNHEX(REPLACE('770e8400-e29b-41d4-a716-446655440006', '-', '')), UNHEX(REPLACE('660e8400-e29b-41d4-a716-446655440005', '-', '')), NOW()),

-- 사진 촬영 루틴 태그
(UNHEX(REPLACE('880e8400-e29b-41d4-a716-446655440008', '-', '')), UNHEX(REPLACE('770e8400-e29b-41d4-a716-446655440007', '-', '')), UNHEX(REPLACE('660e8400-e29b-41d4-a716-446655440010', '-', '')), NOW()),
(UNHEX(REPLACE('880e8400-e29b-41d4-a716-446655440009', '-', '')), UNHEX(REPLACE('770e8400-e29b-41d4-a716-446655440007', '-', '')), UNHEX(REPLACE('660e8400-e29b-41d4-a716-446655440008', '-', '')), NOW()),

-- 영화 감상 루틴 태그
(UNHEX(REPLACE('880e8400-e29b-41d4-a716-446655440010', '-', '')), UNHEX(REPLACE('770e8400-e29b-41d4-a716-446655440008', '-', '')), UNHEX(REPLACE('660e8400-e29b-41d4-a716-446655440007', '-', '')), NOW()),

-- 음악 연습 루틴 태그
(UNHEX(REPLACE('880e8400-e29b-41d4-a716-446655440011', '-', '')), UNHEX(REPLACE('770e8400-e29b-41d4-a716-446655440009', '-', '')), UNHEX(REPLACE('660e8400-e29b-41d4-a716-446655440006', '-', '')), NOW()),

-- 아침 명상 루틴 태그
(UNHEX(REPLACE('880e8400-e29b-41d4-a716-446655440012', '-', '')), UNHEX(REPLACE('770e8400-e29b-41d4-a716-446655440010', '-', '')), UNHEX(REPLACE('660e8400-e29b-41d4-a716-446655440001', '-', '')), NOW());

-- =====================================================
-- 5. 루틴 스텝 더미데이터
-- =====================================================
INSERT INTO routine_step (id, routine_id, name, step_order, estimated_time, created_at, updated_at) VALUES
-- 아침 운동 루틴 스텝
(UNHEX(REPLACE('990e8400-e29b-41d4-a716-446655440001', '-', '')), UNHEX(REPLACE('770e8400-e29b-41d4-a716-446655440001', '-', '')), '스트레칭', 1, '00:05:00', NOW(), NOW()),
(UNHEX(REPLACE('990e8400-e29b-41d4-a716-446655440002', '-', '')), UNHEX(REPLACE('770e8400-e29b-41d4-a716-446655440001', '-', '')), '조깅', 2, '00:15:00', NOW(), NOW()),
(UNHEX(REPLACE('990e8400-e29b-41d4-a716-446655440003', '-', '')), UNHEX(REPLACE('770e8400-e29b-41d4-a716-446655440001', '-', '')), '스쿼트', 3, '00:05:00', NOW(), NOW()),
(UNHEX(REPLACE('990e8400-e29b-41d4-a716-446655440004', '-', '')), UNHEX(REPLACE('770e8400-e29b-41d4-a716-446655440001', '-', '')), '플랭크', 4, '00:05:00', NOW(), NOW()),

-- 저녁 헬스 루틴 스텝
(UNHEX(REPLACE('990e8400-e29b-41d4-a716-446655440005', '-', '')), UNHEX(REPLACE('770e8400-e29b-41d4-a716-446655440002', '-', '')), '웜업', 1, '00:10:00', NOW(), NOW()),
(UNHEX(REPLACE('990e8400-e29b-41d4-a716-446655440006', '-', '')), UNHEX(REPLACE('770e8400-e29b-41d4-a716-446655440002', '-', '')), '벤치프레스', 2, '00:20:00', NOW(), NOW()),
(UNHEX(REPLACE('990e8400-e29b-41d4-a716-446655440007', '-', '')), UNHEX(REPLACE('770e8400-e29b-41d4-a716-446655440002', '-', '')), '데드리프트', 3, '00:20:00', NOW(), NOW()),
(UNHEX(REPLACE('990e8400-e29b-41d4-a716-446655440008', '-', '')), UNHEX(REPLACE('770e8400-e29b-41d4-a716-446655440002', '-', '')), '스트레칭', 4, '00:10:00', NOW(), NOW()),

-- 주말 요리 루틴 스텝
(UNHEX(REPLACE('990e8400-e29b-41d4-a716-446655440009', '-', '')), UNHEX(REPLACE('770e8400-e29b-41d4-a716-446655440003', '-', '')), '재료 준비', 1, '00:30:00', NOW(), NOW()),
(UNHEX(REPLACE('990e8400-e29b-41d4-a716-446655440010', '-', '')), UNHEX(REPLACE('770e8400-e29b-41d4-a716-446655440003', '-', '')), '요리하기', 2, '01:00:00', NOW(), NOW()),
(UNHEX(REPLACE('990e8400-e29b-41d4-a716-446655440011', '-', '')), UNHEX(REPLACE('770e8400-e29b-41d4-a716-446655440003', '-', '')), '정리하기', 3, '00:30:00', NOW(), NOW()),

-- 독서 시간 루틴 스텝
(UNHEX(REPLACE('990e8400-e29b-41d4-a716-446655440012', '-', '')), UNHEX(REPLACE('770e8400-e29b-41d4-a716-446655440004', '-', '')), '독서하기', 1, '00:45:00', NOW(), NOW()),

-- 프로그래밍 공부 루틴 스텝
(UNHEX(REPLACE('990e8400-e29b-41d4-a716-446655440013', '-', '')), UNHEX(REPLACE('770e8400-e29b-41d4-a716-446655440005', '-', '')), '알고리즘 문제 풀이', 1, '00:45:00', NOW(), NOW()),
(UNHEX(REPLACE('990e8400-e29b-41d4-a716-446655440014', '-', '')), UNHEX(REPLACE('770e8400-e29b-41d4-a716-446655440005', '-', '')), '프로젝트 개발', 2, '00:45:00', NOW(), NOW()),

-- 게임 시간 루틴 스텝
(UNHEX(REPLACE('990e8400-e29b-41d4-a716-446655440015', '-', '')), UNHEX(REPLACE('770e8400-e29b-41d4-a716-446655440006', '-', '')), '게임하기', 1, '01:00:00', NOW(), NOW()),

-- 사진 촬영 루틴 스텝
(UNHEX(REPLACE('990e8400-e29b-41d4-a716-446655440016', '-', '')), UNHEX(REPLACE('770e8400-e29b-41d4-a716-446655440007', '-', '')), '장비 점검', 1, '00:15:00', NOW(), NOW()),
(UNHEX(REPLACE('990e8400-e29b-41d4-a716-446655440017', '-', '')), UNHEX(REPLACE('770e8400-e29b-41d4-a716-446655440007', '-', '')), '촬영', 2, '00:45:00', NOW(), NOW()),
(UNHEX(REPLACE('990e8400-e29b-41d4-a716-446655440018', '-', '')), UNHEX(REPLACE('770e8400-e29b-41d4-a716-446655440007', '-', '')), '후보정', 3, '00:15:00', NOW(), NOW()),

-- 영화 감상 루틴 스텝
(UNHEX(REPLACE('990e8400-e29b-41d4-a716-446655440019', '-', '')), UNHEX(REPLACE('770e8400-e29b-41d4-a716-446655440008', '-', '')), '영화 보기', 1, '02:00:00', NOW(), NOW()),

-- 음악 연습 루틴 스텝
(UNHEX(REPLACE('990e8400-e29b-41d4-a716-446655440020', '-', '')), UNHEX(REPLACE('770e8400-e29b-41d4-a716-446655440009', '-', '')), '기타 연습', 1, '00:45:00', NOW(), NOW()),

-- 아침 명상 루틴 스텝
(UNHEX(REPLACE('990e8400-e29b-41d4-a716-446655440021', '-', '')), UNHEX(REPLACE('770e8400-e29b-41d4-a716-446655440010', '-', '')), '명상하기', 1, '00:20:00', NOW(), NOW());

-- =====================================================
-- 6. 사용자 팔로우 더미데이터
-- =====================================================
INSERT INTO user_follow (id, follower_id, following_id, created_at) VALUES
(UNHEX(REPLACE('aa0e8400-e29b-41d4-a716-446655440001', '-', '')), UNHEX(REPLACE('550e8400-e29b-41d4-a716-446655440001', '-', '')), UNHEX(REPLACE('550e8400-e29b-41d4-a716-446655440002', '-', '')), NOW()),
(UNHEX(REPLACE('aa0e8400-e29b-41d4-a716-446655440002', '-', '')), UNHEX(REPLACE('550e8400-e29b-41d4-a716-446655440001', '-', '')), UNHEX(REPLACE('550e8400-e29b-41d4-a716-446655440003', '-', '')), NOW()),
(UNHEX(REPLACE('aa0e8400-e29b-41d4-a716-446655440003', '-', '')), UNHEX(REPLACE('550e8400-e29b-41d4-a716-446655440002', '-', '')), UNHEX(REPLACE('550e8400-e29b-41d4-a716-446655440001', '-', '')), NOW()),
(UNHEX(REPLACE('aa0e8400-e29b-41d4-a716-446655440004', '-', '')), UNHEX(REPLACE('550e8400-e29b-41d4-a716-446655440003', '-', '')), UNHEX(REPLACE('550e8400-e29b-41d4-a716-446655440004', '-', '')), NOW()),
(UNHEX(REPLACE('aa0e8400-e29b-41d4-a716-446655440005', '-', '')), UNHEX(REPLACE('550e8400-e29b-41d4-a716-446655440004', '-', '')), UNHEX(REPLACE('550e8400-e29b-41d4-a716-446655440005', '-', '')), NOW());

-- =====================================================
-- 7. 사용자 선호 태그 더미데이터
-- =====================================================
INSERT INTO user_favorite_tag (id, user_id, tag_id, created_at) VALUES
(UNHEX(REPLACE('bb0e8400-e29b-41d4-a716-446655440001', '-', '')), UNHEX(REPLACE('550e8400-e29b-41d4-a716-446655440001', '-', '')), UNHEX(REPLACE('660e8400-e29b-41d4-a716-446655440001', '-', '')), NOW()),
(UNHEX(REPLACE('bb0e8400-e29b-41d4-a716-446655440002', '-', '')), UNHEX(REPLACE('550e8400-e29b-41d4-a716-446655440002', '-', '')), UNHEX(REPLACE('660e8400-e29b-41d4-a716-446655440002', '-', '')), NOW()),
(UNHEX(REPLACE('bb0e8400-e29b-41d4-a716-446655440003', '-', '')), UNHEX(REPLACE('550e8400-e29b-41d4-a716-446655440002', '-', '')), UNHEX(REPLACE('660e8400-e29b-41d4-a716-446655440003', '-', '')), NOW()),
(UNHEX(REPLACE('bb0e8400-e29b-41d4-a716-446655440004', '-', '')), UNHEX(REPLACE('550e8400-e29b-41d4-a716-446655440003', '-', '')), UNHEX(REPLACE('660e8400-e29b-41d4-a716-446655440004', '-', '')), NOW()),
(UNHEX(REPLACE('bb0e8400-e29b-41d4-a716-446655440005', '-', '')), UNHEX(REPLACE('550e8400-e29b-41d4-a716-446655440003', '-', '')), UNHEX(REPLACE('660e8400-e29b-41d4-a716-446655440009', '-', '')), NOW()),
(UNHEX(REPLACE('bb0e8400-e29b-41d4-a716-446655440006', '-', '')), UNHEX(REPLACE('550e8400-e29b-41d4-a716-446655440004', '-', '')), UNHEX(REPLACE('660e8400-e29b-41d4-a716-446655440010', '-', '')), NOW()),
(UNHEX(REPLACE('bb0e8400-e29b-41d4-a716-446655440007', '-', '')), UNHEX(REPLACE('550e8400-e29b-41d4-a716-446655440005', '-', '')), UNHEX(REPLACE('660e8400-e29b-41d4-a716-446655440006', '-', '')), NOW());

-- =====================================================
-- 8. 루틴 로그 더미데이터 (최근 7일간)
-- =====================================================
INSERT INTO routine_log (id, routine_id, user_id, completed_at, created_at) VALUES
-- 김철수의 루틴 로그
(UNHEX(REPLACE('cc0e8400-e29b-41d4-a716-446655440001', '-', '')), UNHEX(REPLACE('770e8400-e29b-41d4-a716-446655440001', '-', '')), UNHEX(REPLACE('550e8400-e29b-41d4-a716-446655440001', '-', '')), DATE_SUB(NOW(), INTERVAL 1 DAY), NOW()),
(UNHEX(REPLACE('cc0e8400-e29b-41d4-a716-446655440002', '-', '')), UNHEX(REPLACE('770e8400-e29b-41d4-a716-446655440001', '-', '')), UNHEX(REPLACE('550e8400-e29b-41d4-a716-446655440001', '-', '')), DATE_SUB(NOW(), INTERVAL 2 DAY), NOW()),
(UNHEX(REPLACE('cc0e8400-e29b-41d4-a716-446655440003', '-', '')), UNHEX(REPLACE('770e8400-e29b-41d4-a716-446655440002', '-', '')), UNHEX(REPLACE('550e8400-e29b-41d4-a716-446655440001', '-', '')), DATE_SUB(NOW(), INTERVAL 3 DAY), NOW()),

-- 이영희의 루틴 로그
(UNHEX(REPLACE('cc0e8400-e29b-41d4-a716-446655440004', '-', '')), UNHEX(REPLACE('770e8400-e29b-41d4-a716-446655440003', '-', '')), UNHEX(REPLACE('550e8400-e29b-41d4-a716-446655440002', '-', '')), DATE_SUB(NOW(), INTERVAL 1 DAY), NOW()),
(UNHEX(REPLACE('cc0e8400-e29b-41d4-a716-446655440005', '-', '')), UNHEX(REPLACE('770e8400-e29b-41d4-a716-446655440004', '-', '')), UNHEX(REPLACE('550e8400-e29b-41d4-a716-446655440002', '-', '')), DATE_SUB(NOW(), INTERVAL 2 DAY), NOW()),

-- 박민수의 루틴 로그
(UNHEX(REPLACE('cc0e8400-e29b-41d4-a716-446655440006', '-', '')), UNHEX(REPLACE('770e8400-e29b-41d4-a716-446655440005', '-', '')), UNHEX(REPLACE('550e8400-e29b-41d4-a716-446655440003', '-', '')), DATE_SUB(NOW(), INTERVAL 1 DAY), NOW()),
(UNHEX(REPLACE('cc0e8400-e29b-41d4-a716-446655440007', '-', '')), UNHEX(REPLACE('770e8400-e29b-41d4-a716-446655440006', '-', '')), UNHEX(REPLACE('550e8400-e29b-41d4-a716-446655440003', '-', '')), DATE_SUB(NOW(), INTERVAL 3 DAY), NOW());

-- =====================================================
-- 9. 루틴 스케줄 더미데이터
-- =====================================================
INSERT INTO routine_schedule (id, routine_id, day_of_week, created_at) VALUES
-- 아침 운동 루틴 스케줄 (매일)
(UNHEX(REPLACE('dd0e8400-e29b-41d4-a716-446655440001', '-', '')), UNHEX(REPLACE('770e8400-e29b-41d4-a716-446655440001', '-', '')), 'MONDAY', NOW()),
(UNHEX(REPLACE('dd0e8400-e29b-41d4-a716-446655440002', '-', '')), UNHEX(REPLACE('770e8400-e29b-41d4-a716-446655440001', '-', '')), 'TUESDAY', NOW()),
(UNHEX(REPLACE('dd0e8400-e29b-41d4-a716-446655440003', '-', '')), UNHEX(REPLACE('770e8400-e29b-41d4-a716-446655440001', '-', '')), 'WEDNESDAY', NOW()),
(UNHEX(REPLACE('dd0e8400-e29b-41d4-a716-446655440004', '-', '')), UNHEX(REPLACE('770e8400-e29b-41d4-a716-446655440001', '-', '')), 'THURSDAY', NOW()),
(UNHEX(REPLACE('dd0e8400-e29b-41d4-a716-446655440005', '-', '')), UNHEX(REPLACE('770e8400-e29b-41d4-a716-446655440001', '-', '')), 'FRIDAY', NOW()),
(UNHEX(REPLACE('dd0e8400-e29b-41d4-a716-446655440006', '-', '')), UNHEX(REPLACE('770e8400-e29b-41d4-a716-446655440001', '-', '')), 'SATURDAY', NOW()),
(UNHEX(REPLACE('dd0e8400-e29b-41d4-a716-446655440007', '-', '')), UNHEX(REPLACE('770e8400-e29b-41d4-a716-446655440001', '-', '')), 'SUNDAY', NOW()),

-- 저녁 헬스 루틴 스케줄 (월, 수, 금)
(UNHEX(REPLACE('dd0e8400-e29b-41d4-a716-446655440008', '-', '')), UNHEX(REPLACE('770e8400-e29b-41d4-a716-446655440002', '-', '')), 'MONDAY', NOW()),
(UNHEX(REPLACE('dd0e8400-e29b-41d4-a716-446655440009', '-', '')), UNHEX(REPLACE('770e8400-e29b-41d4-a716-446655440002', '-', '')), 'WEDNESDAY', NOW()),
(UNHEX(REPLACE('dd0e8400-e29b-41d4-a716-446655440010', '-', '')), UNHEX(REPLACE('770e8400-e29b-41d4-a716-446655440002', '-', '')), 'FRIDAY', NOW()),

-- 주말 요리 루틴 스케줄 (토, 일)
(UNHEX(REPLACE('dd0e8400-e29b-41d4-a716-446655440011', '-', '')), UNHEX(REPLACE('770e8400-e29b-41d4-a716-446655440003', '-', '')), 'SATURDAY', NOW()),
(UNHEX(REPLACE('dd0e8400-e29b-41d4-a716-446655440012', '-', '')), UNHEX(REPLACE('770e8400-e29b-41d4-a716-446655440003', '-', '')), 'SUNDAY', NOW()),

-- 독서 시간 루틴 스케줄 (매일)
(UNHEX(REPLACE('dd0e8400-e29b-41d4-a716-446655440013', '-', '')), UNHEX(REPLACE('770e8400-e29b-41d4-a716-446655440004', '-', '')), 'MONDAY', NOW()),
(UNHEX(REPLACE('dd0e8400-e29b-41d4-a716-446655440014', '-', '')), UNHEX(REPLACE('770e8400-e29b-41d4-a716-446655440004', '-', '')), 'TUESDAY', NOW()),
(UNHEX(REPLACE('dd0e8400-e29b-41d4-a716-446655440015', '-', '')), UNHEX(REPLACE('770e8400-e29b-41d4-a716-446655440004', '-', '')), 'WEDNESDAY', NOW()),
(UNHEX(REPLACE('dd0e8400-e29b-41d4-a716-446655440016', '-', '')), UNHEX(REPLACE('770e8400-e29b-41d4-a716-446655440004', '-', '')), 'THURSDAY', NOW()),
(UNHEX(REPLACE('dd0e8400-e29b-41d4-a716-446655440017', '-', '')), UNHEX(REPLACE('770e8400-e29b-41d4-a716-446655440004', '-', '')), 'FRIDAY', NOW()),
(UNHEX(REPLACE('dd0e8400-e29b-41d4-a716-446655440018', '-', '')), UNHEX(REPLACE('770e8400-e29b-41d4-a716-446655440004', '-', '')), 'SATURDAY', NOW()),
(UNHEX(REPLACE('dd0e8400-e29b-41d4-a716-446655440019', '-', '')), UNHEX(REPLACE('770e8400-e29b-41d4-a716-446655440004', '-', '')), 'SUNDAY', NOW()),

-- 프로그래밍 공부 루틴 스케줄 (월, 화, 수, 목, 금)
(UNHEX(REPLACE('dd0e8400-e29b-41d4-a716-446655440020', '-', '')), UNHEX(REPLACE('770e8400-e29b-41d4-a716-446655440005', '-', '')), 'MONDAY', NOW()),
(UNHEX(REPLACE('dd0e8400-e29b-41d4-a716-446655440021', '-', '')), UNHEX(REPLACE('770e8400-e29b-41d4-a716-446655440005', '-', '')), 'TUESDAY', NOW()),
(UNHEX(REPLACE('dd0e8400-e29b-41d4-a716-446655440022', '-', '')), UNHEX(REPLACE('770e8400-e29b-41d4-a716-446655440005', '-', '')), 'WEDNESDAY', NOW()),
(UNHEX(REPLACE('dd0e8400-e29b-41d4-a716-446655440023', '-', '')), UNHEX(REPLACE('770e8400-e29b-41d4-a716-446655440005', '-', '')), 'THURSDAY', NOW()),
(UNHEX(REPLACE('dd0e8400-e29b-41d4-a716-446655440024', '-', '')), UNHEX(REPLACE('770e8400-e29b-41d4-a716-446655440005', '-', '')), 'FRIDAY', NOW()),

-- 게임 시간 루틴 스케줄 (토, 일)
(UNHEX(REPLACE('dd0e8400-e29b-41d4-a716-446655440025', '-', '')), UNHEX(REPLACE('770e8400-e29b-41d4-a716-446655440006', '-', '')), 'SATURDAY', NOW()),
(UNHEX(REPLACE('dd0e8400-e29b-41d4-a716-446655440026', '-', '')), UNHEX(REPLACE('770e8400-e29b-41d4-a716-446655440006', '-', '')), 'SUNDAY', NOW()),

-- 사진 촬영 루틴 스케줄 (토)
(UNHEX(REPLACE('dd0e8400-e29b-41d4-a716-446655440027', '-', '')), UNHEX(REPLACE('770e8400-e29b-41d4-a716-446655440007', '-', '')), 'SATURDAY', NOW()),

-- 영화 감상 루틴 스케줄 (토)
(UNHEX(REPLACE('dd0e8400-e29b-41d4-a716-446655440028', '-', '')), UNHEX(REPLACE('770e8400-e29b-41d4-a716-446655440008', '-', '')), 'SATURDAY', NOW()),

-- 음악 연습 루틴 스케줄 (매일)
(UNHEX(REPLACE('dd0e8400-e29b-41d4-a716-446655440029', '-', '')), UNHEX(REPLACE('770e8400-e29b-41d4-a716-446655440009', '-', '')), 'MONDAY', NOW()),
(UNHEX(REPLACE('dd0e8400-e29b-41d4-a716-446655440030', '-', '')), UNHEX(REPLACE('770e8400-e29b-41d4-a716-446655440009', '-', '')), 'TUESDAY', NOW()),
(UNHEX(REPLACE('dd0e8400-e29b-41d4-a716-446655440031', '-', '')), UNHEX(REPLACE('770e8400-e29b-41d4-a716-446655440009', '-', '')), 'WEDNESDAY', NOW()),
(UNHEX(REPLACE('dd0e8400-e29b-41d4-a716-446655440032', '-', '')), UNHEX(REPLACE('770e8400-e29b-41d4-a716-446655440009', '-', '')), 'THURSDAY', NOW()),
(UNHEX(REPLACE('dd0e8400-e29b-41d4-a716-446655440033', '-', '')), UNHEX(REPLACE('770e8400-e29b-41d4-a716-446655440009', '-', '')), 'FRIDAY', NOW()),
(UNHEX(REPLACE('dd0e8400-e29b-41d4-a716-446655440034', '-', '')), UNHEX(REPLACE('770e8400-e29b-41d4-a716-446655440009', '-', '')), 'SATURDAY', NOW()),
(UNHEX(REPLACE('dd0e8400-e29b-41d4-a716-446655440035', '-', '')), UNHEX(REPLACE('770e8400-e29b-41d4-a716-446655440009', '-', '')), 'SUNDAY', NOW()),

-- 아침 명상 루틴 스케줄 (매일)
(UNHEX(REPLACE('dd0e8400-e29b-41d4-a716-446655440036', '-', '')), UNHEX(REPLACE('770e8400-e29b-41d4-a716-446655440010', '-', '')), 'MONDAY', NOW()),
(UNHEX(REPLACE('dd0e8400-e29b-41d4-a716-446655440037', '-', '')), UNHEX(REPLACE('770e8400-e29b-41d4-a716-446655440010', '-', '')), 'TUESDAY', NOW()),
(UNHEX(REPLACE('dd0e8400-e29b-41d4-a716-446655440038', '-', '')), UNHEX(REPLACE('770e8400-e29b-41d4-a716-446655440010', '-', '')), 'WEDNESDAY', NOW()),
(UNHEX(REPLACE('dd0e8400-e29b-41d4-a716-446655440039', '-', '')), UNHEX(REPLACE('770e8400-e29b-41d4-a716-446655440010', '-', '')), 'THURSDAY', NOW()),
(UNHEX(REPLACE('dd0e8400-e29b-41d4-a716-446655440040', '-', '')), UNHEX(REPLACE('770e8400-e29b-41d4-a716-446655440010', '-', '')), 'FRIDAY', NOW()),
(UNHEX(REPLACE('dd0e8400-e29b-41d4-a716-446655440041', '-', '')), UNHEX(REPLACE('770e8400-e29b-41d4-a716-446655440010', '-', '')), 'SATURDAY', NOW()),
(UNHEX(REPLACE('dd0e8400-e29b-41d4-a716-446655440042', '-', '')), UNHEX(REPLACE('770e8400-e29b-41d4-a716-446655440010', '-', '')), 'SUNDAY', NOW());

-- =====================================================
-- App 더미데이터
-- =====================================================
INSERT INTO app (id, name, package_name) VALUES
(UNHEX(REPLACE('a1b2c3d4-e5f6-7890-abcd-ef1234567890', '-', '')), '카카오톡', 'com.kakao.talk'),
(UNHEX(REPLACE('b2c3d4e5-f678-90ab-cdef-2345678901ab', '-', '')), '인스타그램', 'com.instagram.android'),
(UNHEX(REPLACE('c3d4e5f6-7890-abcd-ef12-345678901abc', '-', '')), '유튜브', 'com.google.android.youtube'),
(UNHEX(REPLACE('d4e5f678-90ab-cdef-1234-5678901abcde', '-', '')), '네이버', 'com.naver.app');

-- =====================================================
-- 더미데이터 생성 완료
-- =====================================================
-- 
-- 생성된 데이터 요약:
-- - 사용자: 5명 (김철수, 이영희, 박민수, 최지영, 정수민)
-- - 태그: 10개 (운동, 요리, 독서, 공부, 게임, 음악, 영화, 여행, 프로그래밍, 사진)
-- - 루틴: 10개 (각 사용자별 2개씩)
-- - 루틴 태그 연결: 12개
-- - 루틴 스텝: 21개 (루틴별 1-4개씩)
-- - 사용자 팔로우: 5개
-- - 사용자 선호 태그: 7개
-- - 루틴 로그: 7개 (최근 7일간)
-- - 루틴 스케줄: 42개 (루틴별 요일별 스케줄)
-- 
-- 테스트 가능한 API:
-- 1. 인증 관련: 로그인, 회원가입, 로그아웃, 토큰 갱신
-- 2. 사용자 관련: 프로필 조회, 팔로우/언팔로우
-- 3. 루틴 관련: 루틴 생성, 목록 조회, 상세 조회, 수정, 삭제
-- 4. 루틴 스텝 관련: 스텝 생성, 수정, 삭제
-- 5. 태그 관련: 태그 목록 조회, 생성, 삭제
-- 6. 검색 관련: 루틴 검색, 사용자 검색
-- =====================================================
